county_name,state_code,district_code
Abbeville,SC,SCX
Acadia,LA,LAW
Accomack,VA,VAE
Ada,ID,IDX
Adair,IA,IAS
Adair,KY,KYW
Adair,MO,MOE
Adair,OK,OKE
Adams,CO,COX
Adams,IA,IAS
Adams,ID,IDX
Adams,IL,ILC
Adams,IN,INN
Adams,MS,MSS
Adams,ND,NDX
Adams,NE,NEX
Adams,OH,OHS
Adams,PA,PAM
Adams,WA,WAE
Adams,WI,WIW
Addison,VT,VTX
Aiken,SC,SCX
Aitkin,MN,MNX
Alachua,FL,FLN
Alamance,NC,NCM
Alameda,CA,CAN
Alamosa,CO,COX
Albany,NY,NYN
Albany,WY,WYX
Albemarle,VA,VAW
Alcona,MI,MIE
Alcorn,MS,MSN
"Aleutians East",AK,AKX
Alexander,IL,ILS
Alexander,NC,NCW
"Alexandria City",VA,VAE
Alfalfa,OK,OKW
Alger,MI,MIW
Allamakee,IA,IAN
Allegan,MI,MIW
Allegany,MD,MDX
Allegany,NY,NYW
Alleghany,NC,NCW
Alleghany,VA,VAW
Allegheny,PA,PAW
Allen,IN,INN
Allen,KS,KSX
Allen,KY,KYW
Allen,LA,LAW
Allen,OH,OHN
Allendale,SC,SCX
Alpena,MI,MIE
Alpine,CA,CAE
Amador,CA,CAE
Amelia,VA,VAE
"American Samoa",AS,HIX
Amherst,VA,VAW
Amite,MS,MSS
Anchorage,AK,AKX
Anderson,KS,KSX
Anderson,KY,KYE
Anderson,SC,SCX
Anderson,TN,TNE
Anderson,TX,TXE
Andrew,MO,MOW
Andrews,TX,TXW
Androscoggin,ME,MEX
Angelina,TX,TXE
"Anne Arundel",MD,MDX
Anoka,MN,MNX
Anson,NC,NCW
Antelope,NE,NEX
Antrim,MI,MIW
Apache,AZ,AZX
Appanoose,IA,IAS
Appling,GA,GAS
Appomattox,VA,VAW
Aransas,TX,TXS
Arapahoe,CO,COX
Archer,TX,TXN
Archuleta,CO,COX
Arenac,MI,MIE
Arkansas,AR,ARE
Arlington,VA,VAE
Armstrong,PA,PAW
Armstrong,TX,TXN
Aroostook,ME,MEX
Arthur,NE,NEX
Ascension,LA,LAM
Ashe,NC,NCW
Ashland,OH,OHN
Ashland,WI,WIW
Ashley,AR,ARW
Ashtabula,OH,OHN
Asotin,WA,WAE
Assumption,LA,LAE
Atascosa,TX,TXW
Atchison,KS,KSX
Atchison,MO,MOW
Athens,OH,OHS
Atkinson,GA,GAS
Atlantic,NJ,NJX
Atoka,OK,OKE
Attala,MS,MSN
Audrain,MO,MOE
Audubon,IA,IAS
Auglaize,OH,OHN
Augusta,VA,VAW
Aurora,SD,SDX
Austin,TX,TXS
Autauga,AL,ALM
Avery,NC,NCW
Avoyelles,LA,LAW
Baca,CO,COX
Bacon,GA,GAS
Bailey,TX,TXN
Baker,FL,FLM
Baker,GA,GAM
Baker,OR,ORX
Baldwin,AL,ALS
Baldwin,GA,GAM
Ballard,KY,KYW
Baltimore,MD,MDX
"Baltimore City",MD,MDX
Bamberg,SC,SCX
Bandera,TX,TXW
Banks,GA,GAN
Banner,NE,NEX
Bannock,ID,IDX
Baraga,MI,MIW
Barber,KS,KSX
Barbour,AL,ALM
Barbour,WV,WVN
Barnes,ND,NDX
Barnstable,MA,MAX
Barnwell,SC,SCX
Barren,KY,KYW
Barron,WI,WIW
Barrow,GA,GAN
Barry,MI,MIW
Barry,MO,MOW
Bartholomew,IN,INS
Barton,KS,KSX
Barton,MO,MOW
Bartow,GA,GAN
Bastrop,TX,TXW
Bates,MO,MOW
Bath,KY,KYE
Bath,VA,VAW
Baxter,AR,ARW
Bay,FL,FLN
Bay,MI,MIE
Bayfield,WI,WIW
Baylor,TX,TXN
Beadle,SD,SDX
"Bear Lake",ID,IDX
Beaufort,NC,NCE
Beaufort,SC,SCX
Beauregard,LA,LAW
Beaver,OK,OKW
Beaver,PA,PAW
Beaver,UT,UTX
Beaverhead,MT,MTX
Becker,MN,MNX
Beckham,OK,OKW
Bedford,PA,PAW
Bedford,TN,TNE
Bedford,VA,VAW
"Bedford City",VA,VAW
Bee,TX,TXS
Belknap,NH,NHX
Bell,KY,KYE
Bell,TX,TXW
Belmont,OH,OHS
Beltrami,MN,MNX
"Ben Hill",GA,GAM
Benewah,ID,IDX
Bennett,SD,SDX
Bennington,VT,VTX
Benson,ND,NDX
Bent,CO,COX
Benton,AR,ARW
Benton,IA,IAN
Benton,IN,INN
Benton,MN,MNX
Benton,MO,MOW
Benton,MS,MSN
Benton,OR,ORX
Benton,TN,TNW
Benton,WA,WAE
Benzie,MI,MIW
Bergen,NJ,NJX
Berkeley,SC,SCX
Berkeley,WV,WVN
Berks,PA,PAE
Berkshire,MA,MAX
Bernalillo,NM,NMX
Berrien,GA,GAM
Berrien,MI,MIW
Bertie,NC,NCE
Bexar,TX,TXW
Bibb,AL,ALN
Bibb,GA,GAM
Bienville,LA,LAW
"Big Horn",MT,MTX
"Big Horn",WY,WYX
"Big Stone",MN,MNX
Billings,ND,NDX
Bingham,ID,IDX
"Black Hawk",IA,IAN
Blackford,IN,INN
Bladen,NC,NCE
Blaine,ID,IDX
Blaine,MT,MTX
Blaine,NE,NEX
Blaine,OK,OKW
Blair,PA,PAW
Blanco,TX,TXW
Bland,VA,VAW
Bleckley,GA,GAM
Bledsoe,TN,TNE
Blount,AL,ALN
Blount,TN,TNE
"Blue Earth",MN,MNX
Boise,ID,IDX
Bolivar,MS,MSN
Bollinger,MO,MOE
"Bon Homme",SD,SDX
Bond,IL,ILS
Bonner,ID,IDX
Bonneville,ID,IDX
Boone,AR,ARW
Boone,IA,IAS
Boone,IL,ILN
Boone,IN,INS
Boone,KY,KYE
Boone,MO,MOW
Boone,NE,NEX
Boone,WV,WVS
Borden,TX,TXN
Bosque,TX,TXW
Bossier,LA,LAW
Botetourt,VA,VAW
Bottineau,ND,NDX
Boulder,CO,COX
Boundary,ID,IDX
Bourbon,KS,KSX
Bourbon,KY,KYE
Bowie,TX,TXE
Bowman,ND,NDX
"Box Butte",NE,NEX
"Box Elder",UT,UTX
Boyd,KY,KYE
Boyd,NE,NEX
Boyle,KY,KYE
Bracken,KY,KYE
Bradford,FL,FLM
Bradford,PA,PAM
Bradley,AR,ARW
Bradley,TN,TNE
Branch,MI,MIW
Brantley,GA,GAS
Braxton,WV,WVN
Brazoria,TX,TXS
Brazos,TX,TXS
Breathitt,KY,KYE
Breckinridge,KY,KYW
Bremer,IA,IAN
Brevard,FL,FLM
Brewster,TX,TXW
Briscoe,TX,TXN
Bristol,MA,MAX
Bristol,RI,RIX
"Bristol Bay",AK,AKX
"Bristol City",VA,VAW
Broadwater,MT,MTX
Bronx,NY,NYS
Brooke,WV,WVN
Brookings,SD,SDX
Brooks,GA,GAM
Brooks,TX,TXS
Broome,NY,NYN
Broomfield,CO,COX
Broward,FL,FLS
Brown,IL,ILC
Brown,IN,INS
Brown,KS,KSX
Brown,MN,MNX
Brown,NE,NEX
Brown,OH,OHS
Brown,SD,SDX
Brown,TX,TXN
Brown,WI,WIE
Brule,SD,SDX
Brunswick,NC,NCE
Brunswick,VA,VAE
Bryan,GA,GAS
Bryan,OK,OKE
Buchanan,IA,IAN
Buchanan,MO,MOW
Buchanan,VA,VAW
Buckingham,VA,VAW
Bucks,PA,PAE
"Buena Vista",IA,IAN
"Buena Vista City",VA,VAW
Buffalo,NE,NEX
Buffalo,SD,SDX
Buffalo,WI,WIW
Bullitt,KY,KYW
Bulloch,GA,GAS
Bullock,AL,ALM
Buncombe,NC,NCW
Bureau,IL,ILC
Burke,GA,GAS
Burke,NC,NCW
Burke,ND,NDX
Burleigh,ND,NDX
Burleson,TX,TXW
Burlington,NJ,NJX
Burnet,TX,TXW
Burnett,WI,WIW
Burt,NE,NEX
Butler,AL,ALM
Butler,IA,IAN
Butler,KS,KSX
Butler,KY,KYW
Butler,MO,MOE
Butler,NE,NEX
Butler,OH,OHS
Butler,PA,PAW
Butte,CA,CAE
Butte,ID,IDX
Butte,SD,SDX
Butts,GA,GAM
Cabarrus,NC,NCM
Cabell,WV,WVS
Cache,UT,UTX
Caddo,LA,LAW
Caddo,OK,OKW
Calaveras,CA,CAE
Calcasieu,LA,LAW
Caldwell,KY,KYW
Caldwell,LA,LAW
Caldwell,MO,MOW
Caldwell,NC,NCW
Caldwell,TX,TXW
Caledonia,VT,VTX
Calhoun,AL,ALN
Calhoun,AR,ARW
Calhoun,FL,FLN
Calhoun,GA,GAM
Calhoun,IA,IAN
Calhoun,IL,ILS
Calhoun,MI,MIW
Calhoun,MS,MSN
Calhoun,SC,SCX
Calhoun,TX,TXS
Calhoun,WV,WVN
Callahan,TX,TXN
Callaway,MO,MOW
Calloway,KY,KYW
Calumet,WI,WIE
Calvert,MD,MDX
Camas,ID,IDX
Cambria,PA,PAW
Camden,GA,GAS
Camden,MO,MOW
Camden,NC,NCE
Camden,NJ,NJX
Cameron,LA,LAW
Cameron,PA,PAM
Cameron,TX,TXS
Camp,TX,TXE
Campbell,KY,KYE
Campbell,SD,SDX
Campbell,TN,TNE
Campbell,VA,VAW
Campbell,WY,WYX
Canadian,OK,OKW
Candler,GA,GAS
Cannon,TN,TNM
Canyon,ID,IDX
"Cape Girardeau",MO,MOE
"Cape May",NJ,NJX
Carbon,MT,MTX
Carbon,PA,PAM
Carbon,UT,UTX
Carbon,WY,WYX
Caribou,ID,IDX
Carlisle,KY,KYW
Carlton,MN,MNX
Caroline,MD,MDX
Caroline,VA,VAE
Carroll,AR,ARW
Carroll,GA,GAN
Carroll,IA,IAN
Carroll,IL,ILN
Carroll,IN,INN
Carroll,KY,KYE
Carroll,MD,MDX
Carroll,MO,MOW
Carroll,MS,MSN
Carroll,NH,NHX
Carroll,OH,OHN
Carroll,TN,TNW
Carroll,VA,VAW
Carson,TX,TXN
"Carson City",NV,NVX
Carter,KY,KYE
Carter,MO,MOE
Carter,MT,MTX
Carter,OK,OKE
Carter,TN,TNE
Carteret,NC,NCE
Carver,MN,MNX
Cascade,MT,MTX
Casey,KY,KYW
Cass,IA,IAS
Cass,IL,ILC
Cass,IN,INN
Cass,MI,MIW
Cass,MN,MNX
Cass,MO,MOW
Cass,ND,NDX
Cass,NE,NEX
Cass,TX,TXE
Cassia,ID,IDX
Castro,TX,TXN
Caswell,NC,NCM
Catahoula,LA,LAW
Catawba,NC,NCW
Catoosa,GA,GAN
Catron,NM,NMX
Cattaraugus,NY,NYW
Cavalier,ND,NDX
Cayuga,NY,NYN
Cecil,MD,MDX
Cedar,IA,IAN
Cedar,MO,MOW
Cedar,NE,NEX
Centre,PA,PAM
"Cerro Gordo",IA,IAN
Chaffee,CO,COX
Chambers,AL,ALM
Chambers,TX,TXS
Champaign,IL,ILC
Champaign,OH,OHS
Chariton,MO,MOE
Charles,MD,MDX
"Charles City",VA,VAE
"Charles Mix",SD,SDX
Charleston,SC,SCX
Charlevoix,MI,MIW
Charlotte,FL,FLM
Charlotte,VA,VAW
"Charlottesville City",VA,VAW
Charlton,GA,GAS
Chase,KS,KSX
Chase,NE,NEX
Chatham,GA,GAS
Chatham,NC,NCM
Chattahoochee,GA,GAM
Chattooga,GA,GAN
Chautauqua,KS,KSX
Chautauqua,NY,NYW
Chaves,NM,NMX
Cheatham,TN,TNM
Cheboygan,MI,MIE
Chelan,WA,WAE
Chemung,NY,NYW
Chenango,NY,NYN
Cherokee,AL,ALN
Cherokee,GA,GAN
Cherokee,IA,IAN
Cherokee,KS,KSX
Cherokee,NC,NCW
Cherokee,OK,OKE
Cherokee,SC,SCX
Cherokee,TX,TXE
Cherry,NE,NEX
"Chesapeake City",VA,VAE
Cheshire,NH,NHX
Chester,PA,PAE
Chester,SC,SCX
Chester,TN,TNW
Chesterfield,SC,SCX
Chesterfield,VA,VAE
Cheyenne,CO,COX
Cheyenne,KS,KSX
Cheyenne,NE,NEX
Chickasaw,IA,IAN
Chickasaw,MS,MSN
Chicot,AR,ARE
Childress,TX,TXN
Chilton,AL,ALM
Chippewa,MI,MIW
Chippewa,MN,MNX
Chippewa,WI,WIW
Chisago,MN,MNX
Chittenden,VT,VTX
Choctaw,AL,ALS
Choctaw,MS,MSN
Choctaw,OK,OKE
Chouteau,MT,MTX
Chowan,NC,NCE
Christian,IL,ILC
Christian,KY,KYW
Christian,MO,MOW
Churchill,NV,NVX
Cibola,NM,NMX
Cimarron,OK,OKW
Citrus,FL,FLM
Clackamas,OR,ORX
Claiborne,LA,LAW
Claiborne,MS,MSS
Claiborne,TN,TNE
Clallam,WA,WAW
Clare,MI,MIE
Clarendon,SC,SCX
Clarion,PA,PAW
Clark,AR,ARW
Clark,ID,IDX
Clark,IL,ILS
Clark,IN,INS
Clark,KS,KSX
Clark,KY,KYE
Clark,MO,MOE
Clark,NV,NVX
Clark,OH,OHS
Clark,SD,SDX
Clark,WA,WAW
Clark,WI,WIW
Clarke,AL,ALS
Clarke,GA,GAM
Clarke,IA,IAS
Clarke,MS,MSS
Clarke,VA,VAW
Clatsop,OR,ORX
Clay,AL,ALN
Clay,AR,ARE
Clay,FL,FLM
Clay,GA,GAM
Clay,IA,IAN
Clay,IL,ILS
Clay,IN,INS
Clay,KS,KSX
Clay,KY,KYE
Clay,MN,MNX
Clay,MO,MOW
Clay,MS,MSN
Clay,NC,NCW
Clay,NE,NEX
Clay,SD,SDX
Clay,TN,TNM
Clay,TX,TXN
Clay,WV,WVS
Clayton,GA,GAN
Clayton,IA,IAN
"Clear Creek",CO,COX
Clearfield,PA,PAW
Clearwater,ID,IDX
Clearwater,MN,MNX
Cleburne,AL,ALN
Cleburne,AR,ARE
Clermont,OH,OHS
Cleveland,AR,ARE
Cleveland,NC,NCW
Cleveland,OK,OKW
"Clifton Forge City",VA,VAW
Clinch,GA,GAM
Clinton,IA,IAS
Clinton,IL,ILS
Clinton,IN,INS
Clinton,KY,KYW
Clinton,MI,MIW
Clinton,MO,MOW
Clinton,NY,NYN
Clinton,OH,OHS
Clinton,PA,PAM
Cloud,KS,KSX
Coahoma,MS,MSN
Coal,OK,OKE
Cobb,GA,GAN
Cochise,AZ,AZX
Cochran,TX,TXN
Cocke,TN,TNE
Coconino,AZ,AZX
Codington,SD,SDX
Coffee,AL,ALM
Coffee,GA,GAS
Coffee,TN,TNE
Coffey,KS,KSX
Coke,TX,TXN
Colbert,AL,ALN
Cole,MO,MOW
Coleman,TX,TXN
Coles,IL,ILC
Colfax,NE,NEX
Colfax,NM,NMX
Colleton,SC,SCX
Collier,FL,FLM
Collin,TX,TXE
Collingsworth,TX,TXN
"Colonial Heights City",VA,VAE
Colorado,TX,TXS
Colquitt,GA,GAM
Columbia,AR,ARW
Columbia,FL,FLM
Columbia,GA,GAS
Columbia,NY,NYN
Columbia,OR,ORX
Columbia,PA,PAM
Columbia,WA,WAE
Columbia,WI,WIW
Columbiana,OH,OHN
Columbus,NC,NCE
Colusa,CA,CAE
Comal,TX,TXW
Comanche,KS,KSX
Comanche,OK,OKW
Comanche,TX,TXN
Concho,TX,TXN
Concordia,LA,LAW
Conecuh,AL,ALS
Conejos,CO,COX
"Contra Costa",CA,CAN
Converse,WY,WYX
Conway,AR,ARE
Cook,GA,GAM
Cook,IL,ILN
Cook,MN,MNX
Cooke,TX,TXE
Cooper,MO,MOW
Coos,NH,NHX
Coos,OR,ORX
Coosa,AL,ALM
Copiah,MS,MSS
Corson,SD,SDX
Cortland,NY,NYN
Coryell,TX,TXW
Coshocton,OH,OHS
Costilla,CO,COX
Cottle,TX,TXN
Cotton,OK,OKW
Cottonwood,MN,MNX
Covington,AL,ALM
Covington,MS,MSS
"Covington City",VA,VAW
Coweta,GA,GAN
Cowley,KS,KSX
Cowlitz,WA,WAW
Craig,OK,OKN
Craig,VA,VAW
Craighead,AR,ARE
Crane,TX,TXW
Craven,NC,NCE
Crawford,AR,ARW
Crawford,GA,GAM
Crawford,IA,IAN
Crawford,IL,ILS
Crawford,IN,INS
Crawford,KS,KSX
Crawford,MI,MIE
Crawford,MO,MOE
Crawford,OH,OHN
Crawford,PA,PAW
Crawford,WI,WIW
Creek,OK,OKN
Crenshaw,AL,ALM
Crisp,GA,GAM
Crittenden,AR,ARE
Crittenden,KY,KYW
Crockett,TN,TNW
Crockett,TX,TXN
Crook,OR,ORX
Crook,WY,WYX
Crosby,TX,TXN
Cross,AR,ARE
"Crow Wing",MN,MNX
Crowley,CO,COX
Culberson,TX,TXW
Cullman,AL,ALN
Culpeper,VA,VAW
Cumberland,IL,ILS
Cumberland,KY,KYW
Cumberland,ME,MEX
Cumberland,NC,NCE
Cumberland,NJ,NJX
Cumberland,PA,PAM
Cumberland,TN,TNM
Cumberland,VA,VAW
Cuming,NE,NEX
Currituck,NC,NCE
Curry,NM,NMX
Curry,OR,ORX
Custer,CO,COX
Custer,ID,IDX
Custer,MT,MTX
Custer,NE,NEX
Custer,OK,OKW
Custer,SD,SDX
Cuyahoga,OH,OHN
Dade,GA,GAN
Dade,MO,MOW
Daggett,UT,UTX
Dakota,MN,MNX
Dakota,NE,NEX
Dale,AL,ALM
Dallam,TX,TXN
Dallas,AL,ALS
Dallas,AR,ARE
Dallas,IA,IAS
Dallas,MO,MOW
Dallas,TX,TXN
Dane,WI,WIW
Daniels,MT,MTX
"Danville City",VA,VAW
Dare,NC,NCE
Darke,OH,OHS
Darlington,SC,SCX
Dauphin,PA,PAM
Davidson,NC,NCM
Davidson,TN,TNM
Davie,NC,NCM
Daviess,IN,INS
Daviess,KY,KYW
Daviess,MO,MOW
Davis,IA,IAS
Davis,UT,UTX
Davison,SD,SDX
Dawes,NE,NEX
Dawson,GA,GAN
Dawson,MT,MTX
Dawson,NE,NEX
Dawson,TX,TXN
Day,SD,SDX
"De Kalb",IN,INN
"De Soto",LA,LAW
"De Witt",IL,ILC
"Deaf Smith",TX,TXN
Dearborn,IN,INS
DeBaca,NM,NMX
Decatur,GA,GAM
Decatur,IA,IAS
Decatur,IN,INS
Decatur,KS,KSX
Decatur,TN,TNW
"Deer Lodge",MT,MTX
Defiance,OH,OHN
DeKalb,AL,ALN
DeKalb,GA,GAN
DeKalb,IL,ILN
DeKalb,MO,MOW
DeKalb,TN,TNM
"Del Norte",CA,CAN
Delaware,IA,IAN
Delaware,IN,INS
Delaware,NY,NYN
Delaware,OH,OHS
Delaware,OK,OKN
Delaware,PA,PAE
Delta,CO,COX
Delta,MI,MIW
Delta,TX,TXE
Denali,AK,AKX
Dent,MO,MOE
Denton,TX,TXE
Denver,CO,COX
"Des Moines",IA,IAS
Deschutes,OR,ORX
Desha,AR,ARE
DeSoto,FL,FLM
DeSoto,MS,MSN
Deuel,NE,NEX
Deuel,SD,SDX
Dewey,OK,OKW
Dewey,SD,SDX
DeWitt,TX,TXS
Dickens,TX,TXN
Dickenson,VA,VAW
Dickey,ND,NDX
Dickinson,IA,IAN
Dickinson,KS,KSX
Dickinson,MI,MIW
Dickson,TN,TNM
Dillon,SC,SCX
Dimmit,TX,TXW
Dinwiddie,VA,VAE
"District of Columbia",DC,DCX
Divide,ND,NDX
Dixie,FL,FLN
Dixon,NE,NEX
Doddridge,WV,WVN
Dodge,GA,GAS
Dodge,MN,MNX
Dodge,NE,NEX
Dodge,WI,WIE
Dolores,CO,COX
"Dona Ana",NM,NMX
Doniphan,KS,KSX
Donley,TX,TXN
Dooly,GA,GAM
Door,WI,WIE
Dorchester,MD,MDX
Dorchester,SC,SCX
Dougherty,GA,GAM
Douglas,CO,COX
Douglas,GA,GAN
Douglas,IL,ILC
Douglas,KS,KSX
Douglas,MN,MNX
Douglas,MO,MOW
Douglas,NE,NEX
Douglas,NV,NVX
Douglas,OR,ORX
Douglas,SD,SDX
Douglas,WA,WAE
Douglas,WI,WIW
Drew,AR,ARE
Dubois,IN,INS
Dubuque,IA,IAN
Duchesne,UT,UTX
Dukes,MA,MAX
Dundy,NE,NEX
Dunklin,MO,MOE
Dunn,ND,NDX
Dunn,WI,WIW
DuPage,IL,ILN
Duplin,NC,NCE
Durham,NC,NCM
Dutchess,NY,NYS
Duval,FL,FLM
Duval,TX,TXS
Dyer,TN,TNW
Eagle,CO,COX
Early,GA,GAM
"East Baton Rouge",LA,LAM
"East Carroll",LA,LAW
"East Feliciana",LA,LAM
Eastland,TX,TXN
Eaton,MI,MIW
"Eau Claire",WI,WIW
Echols,GA,GAM
Ector,TX,TXW
Eddy,ND,NDX
Eddy,NM,NMX
Edgar,IL,ILC
Edgecombe,NC,NCE
Edgefield,SC,SCX
Edmonson,KY,KYW
Edmunds,SD,SDX
Edwards,IL,ILS
Edwards,KS,KSX
Edwards,TX,TXW
Effingham,GA,GAS
Effingham,IL,ILS
"El Dorado",CA,CAE
"El Paso",CO,COX
"El Paso",TX,TXW
Elbert,CO,COX
Elbert,GA,GAM
Elk,KS,KSX
Elk,PA,PAW
Elkhart,IN,INN
Elko,NV,NVX
Elliott,KY,KYE
Ellis,KS,KSX
Ellis,OK,OKW
Ellis,TX,TXN
Ellsworth,KS,KSX
Elmore,AL,ALM
Elmore,ID,IDX
Emanuel,GA,GAS
Emery,UT,UTX
Emmet,IA,IAN
Emmet,MI,MIW
Emmons,ND,NDX
"Emporia City",VA,VAE
Erath,TX,TXN
Erie,NY,NYW
Erie,OH,OHN
Erie,PA,PAW
Escambia,AL,ALS
Escambia,FL,FLN
Esmeralda,NV,NVX
Essex,MA,MAX
Essex,NJ,NJX
Essex,NY,NYN
Essex,VA,VAE
Essex,VT,VTX
Estill,KY,KYE
Etowah,AL,ALN
Eureka,NV,NVX
Evangeline,LA,LAW
Evans,GA,GAS
"Fairbanks North Star",AK,AKX
Fairfax,VA,VAE
"Fairfax City",VA,VAE
Fairfield,CT,CTX
Fairfield,OH,OHS
Fairfield,SC,SCX
"Fall River",SD,SDX
Fallon,MT,MTX
Falls,TX,TXW
"Falls Church City",VA,VAE
Fannin,GA,GAN
Fannin,TX,TXE
Faribault,MN,MNX
Faulk,SD,SDX
Faulkner,AR,ARE
Fauquier,VA,VAE
Fayette,AL,ALN
Fayette,GA,GAN
Fayette,IA,IAN
Fayette,IL,ILS
Fayette,IN,INS
Fayette,KY,KYE
Fayette,OH,OHS
Fayette,PA,PAW
Fayette,TN,TNW
Fayette,TX,TXS
Fayette,WV,WVS
Fentress,TN,TNM
Fergus,MT,MTX
Ferry,WA,WAE
Fillmore,MN,MNX
Fillmore,NE,NEX
Finney,KS,KSX
Fisher,TX,TXN
Flagler,FL,FLM
Flathead,MT,MTX
Fleming,KY,KYE
Florence,SC,SCX
Florence,WI,WIE
Floyd,GA,GAN
Floyd,IA,IAN
Floyd,IN,INS
Floyd,KY,KYE
Floyd,TX,TXN
Floyd,VA,VAW
Fluvanna,VA,VAW
Foard,TX,TXN
"Fond du Lac",WI,WIE
Ford,IL,ILC
Ford,KS,KSX
Forest,PA,PAW
Forest,WI,WIE
Forrest,MS,MSS
Forsyth,GA,GAN
Forsyth,NC,NCM
"Fort Bend",TX,TXS
Foster,ND,NDX
Fountain,IN,INS
Franklin,AL,ALN
Franklin,AR,ARW
Franklin,FL,FLN
Franklin,GA,GAM
Franklin,IA,IAN
Franklin,ID,IDX
Franklin,IL,ILS
Franklin,IN,INS
Franklin,KS,KSX
Franklin,KY,KYE
Franklin,LA,LAW
Franklin,MA,MAX
Franklin,ME,MEX
Franklin,MO,MOE
Franklin,MS,MSS
Franklin,NC,NCE
Franklin,NE,NEX
Franklin,NY,NYN
Franklin,OH,OHS
Franklin,PA,PAM
Franklin,TN,TNE
Franklin,TX,TXE
Franklin,VA,VAW
Franklin,VT,VTX
Franklin,WA,WAE
"Franklin City",VA,VAE
Frederick,MD,MDX
Frederick,VA,VAW
"Fredericksburg City",VA,VAE
Freeborn,MN,MNX
Freestone,TX,TXW
Fremont,CO,COX
Fremont,IA,IAS
Fremont,ID,IDX
Fremont,WY,WYX
Fresno,CA,CAE
Frio,TX,TXW
Frontier,NE,NEX
Fulton,AR,ARE
Fulton,GA,GAN
Fulton,IL,ILC
Fulton,IN,INN
Fulton,KY,KYW
Fulton,NY,NYN
Fulton,OH,OHN
Fulton,PA,PAM
Furnas,NE,NEX
Gadsden,FL,FLN
Gage,NE,NEX
Gaines,TX,TXN
"Galax City",VA,VAW
Gallatin,IL,ILS
Gallatin,KY,KYE
Gallatin,MT,MTX
Gallia,OH,OHS
Galveston,TX,TXS
Garden,NE,NEX
Garfield,CO,COX
Garfield,MT,MTX
Garfield,NE,NEX
Garfield,OK,OKW
Garfield,UT,UTX
Garfield,WA,WAE
Garland,AR,ARW
Garrard,KY,KYE
Garrett,MD,MDX
Garvin,OK,OKW
Garza,TX,TXN
Gasconade,MO,MOE
Gaston,NC,NCW
Gates,NC,NCE
Geary,KS,KSX
Geauga,OH,OHN
Gem,ID,IDX
Genesee,MI,MIE
Genesee,NY,NYW
Geneva,AL,ALM
Gentry,MO,MOW
George,MS,MSS
Georgetown,SC,SCX
Gibson,IN,INS
Gibson,TN,TNW
Gila,AZ,AZX
Gilchrist,FL,FLN
Giles,TN,TNM
Giles,VA,VAW
Gillespie,TX,TXW
Gilliam,OR,ORX
Gilmer,GA,GAN
Gilmer,WV,WVN
Gilpin,CO,COX
Glacier,MT,MTX
Glades,FL,FLM
Gladwin,MI,MIE
Glascock,GA,GAS
Glasscock,TX,TXN
Glenn,CA,CAE
Gloucester,NJ,NJX
Gloucester,VA,VAE
Glynn,GA,GAS
Gogebic,MI,MIW
"Golden Valley",MT,MTX
"Golden Valley",ND,NDX
Goliad,TX,TXS
Gonzales,TX,TXW
Goochland,VA,VAE
Goodhue,MN,MNX
Gooding,ID,IDX
Gordon,GA,GAN
Goshen,WY,WYX
Gosper,NE,NEX
Gove,KS,KSX
Grady,GA,GAM
Grady,OK,OKW
Grafton,NH,NHX
Graham,AZ,AZX
Graham,KS,KSX
Graham,NC,NCW
Grainger,TN,TNE
Grand,CO,COX
Grand,UT,UTX
"Grand Forks",ND,NDX
"Grand Isle",VT,VTX
"Grand Traverse",MI,MIW
Granite,MT,MTX
Grant,AR,ARE
Grant,IN,INN
Grant,KS,KSX
Grant,KY,KYE
Grant,LA,LAW
Grant,MN,MNX
Grant,ND,NDX
Grant,NE,NEX
Grant,NM,NMX
Grant,OK,OKW
Grant,OR,ORX
Grant,SD,SDX
Grant,WA,WAE
Grant,WI,WIW
Grant,WV,WVN
Granville,NC,NCE
Gratiot,MI,MIE
Graves,KY,KYW
Gray,KS,KSX
Gray,TX,TXN
"Grays Harbor",WA,WAW
Grayson,KY,KYW
Grayson,TX,TXE
Grayson,VA,VAW
Greeley,KS,KSX
Greeley,NE,NEX
Green,KY,KYW
Green,WI,WIW
"Green Lake",WI,WIE
Greenbrier,WV,WVS
Greene,AL,ALN
Greene,AR,ARE
Greene,GA,GAM
Greene,IA,IAS
Greene,IL,ILC
Greene,IN,INS
Greene,MO,MOW
Greene,MS,MSS
Greene,NC,NCE
Greene,NY,NYN
Greene,OH,OHS
Greene,PA,PAW
Greene,TN,TNE
Greene,VA,VAW
Greenlee,AZ,AZX
Greensville,VA,VAE
Greenup,KY,KYE
Greenville,SC,SCX
Greenwood,KS,KSX
Greenwood,SC,SCX
Greer,OK,OKW
Gregg,TX,TXE
Gregory,SD,SDX
Grenada,MS,MSN
Griggs,ND,NDX
Grimes,TX,TXS
Grundy,IA,IAN
Grundy,IL,ILN
Grundy,MO,MOW
Grundy,TN,TNE
Guadalupe,NM,NMX
Guadalupe,TX,TXW
Guam,GU,GUX
Guaynabo,PR,PRX
Guernsey,OH,OHS
Guilford,NC,NCM
Gulf,FL,FLN
Gunnison,CO,COX
Guthrie,IA,IAS
Gwinnett,GA,GAN
Haakon,SD,SDX
Habersham,GA,GAN
Haines,AK,AKX
Hale,AL,ALS
Hale,TX,TXN
Halifax,NC,NCE
Halifax,VA,VAW
Hall,GA,GAN
Hall,NE,NEX
Hall,TX,TXN
Hamblen,TN,TNE
Hamilton,FL,FLM
Hamilton,IA,IAN
Hamilton,IL,ILS
Hamilton,IN,INS
Hamilton,KS,KSX
Hamilton,NE,NEX
Hamilton,NY,NYN
Hamilton,OH,OHS
Hamilton,TN,TNE
Hamilton,TX,TXW
Hamlin,SD,SDX
Hampden,MA,MAX
Hampshire,MA,MAX
Hampshire,WV,WVN
Hampton,SC,SCX
"Hampton City",VA,VAE
Hancock,GA,GAM
Hancock,IA,IAN
Hancock,IL,ILC
Hancock,IN,INS
Hancock,KY,KYW
Hancock,ME,MEX
Hancock,MS,MSS
Hancock,OH,OHN
Hancock,TN,TNE
Hancock,WV,WVN
Hand,SD,SDX
Hanover,VA,VAE
Hansford,TX,TXN
Hanson,SD,SDX
Haralson,GA,GAN
Hardee,FL,FLM
Hardeman,TN,TNW
Hardeman,TX,TXN
Hardin,IA,IAN
Hardin,IL,ILS
Hardin,KY,KYW
Hardin,OH,OHN
Hardin,TN,TNW
Hardin,TX,TXE
Harding,NM,NMX
Harding,SD,SDX
Hardy,WV,WVN
Harford,MD,MDX
Harlan,KY,KYE
Harlan,NE,NEX
Harmon,OK,OKW
Harnett,NC,NCE
Harney,OR,ORX
Harper,KS,KSX
Harper,OK,OKW
Harris,GA,GAM
Harris,TX,TXS
Harrison,IA,IAS
Harrison,IN,INS
Harrison,KY,KYE
Harrison,MO,MOW
Harrison,MS,MSS
Harrison,OH,OHS
Harrison,TX,TXE
Harrison,WV,WVN
"Harrisonburg City",VA,VAW
Hart,GA,GAM
Hart,KY,KYW
Hartford,CT,CTX
Hartley,TX,TXN
Harvey,KS,KSX
Haskell,KS,KSX
Haskell,OK,OKE
Haskell,TX,TXN
Hawaii,HI,HIX
Hawkins,TN,TNE
Hayes,NE,NEX
Hays,TX,TXW
Haywood,NC,NCW
Haywood,TN,TNW
Heard,GA,GAN
Hemphill,TX,TXN
Hempstead,AR,ARW
Henderson,IL,ILC
Henderson,KY,KYW
Henderson,NC,NCW
Henderson,TN,TNW
Henderson,TX,TXE
Hendricks,IN,INS
Hendry,FL,FLM
Hennepin,MN,MNX
Henrico,VA,VAE
Henry,AL,ALM
Henry,GA,GAN
Henry,IA,IAS
Henry,IL,ILC
Henry,IN,INS
Henry,KY,KYE
Henry,MO,MOW
Henry,OH,OHN
Henry,TN,TNW
Henry,VA,VAW
Herkimer,NY,NYN
Hernando,FL,FLM
Hertford,NC,NCE
Hettinger,ND,NDX
Hickman,KY,KYW
Hickman,TN,TNM
Hickory,MO,MOW
Hidalgo,NM,NMX
Hidalgo,TX,TXS
Highland,OH,OHS
Highland,VA,VAW
Highlands,FL,FLS
Hill,MT,MTX
Hill,TX,TXW
Hillsborough,FL,FLM
Hillsborough,NH,NHX
Hillsdale,MI,MIW
Hinds,MS,MSS
Hinsdale,CO,COX
Hitchcock,NE,NEX
Hocking,OH,OHS
Hockley,TX,TXN
Hodgeman,KS,KSX
Hoke,NC,NCM
Holmes,FL,FLN
Holmes,MS,MSS
Holmes,OH,OHN
Holt,MO,MOW
Holt,NE,NEX
Honolulu,HI,HIX
Hood,TX,TXN
"Hood River",OR,ORX
Hooker,NE,NEX
"Hopewell City",VA,VAE
Hopkins,KY,KYW
Hopkins,TX,TXE
Horry,SC,SCX
"Hot Spring",AR,ARW
"Hot Springs",WY,WYX
Houghton,MI,MIW
Houston,AL,ALM
Houston,GA,GAM
Houston,MN,MNX
Houston,TN,TNM
Houston,TX,TXE
Howard,AR,ARW
Howard,IA,IAN
Howard,IN,INS
Howard,MD,MDX
Howard,MO,MOW
Howard,NE,NEX
Howard,TX,TXN
Howell,MO,MOW
Hubbard,MN,MNX
Hudson,NJ,NJX
Hudspeth,TX,TXW
Huerfano,CO,COX
Hughes,OK,OKE
Hughes,SD,SDX
Humboldt,CA,CAN
Humboldt,IA,IAN
Humboldt,NV,NVX
Humphreys,MS,MSN
Humphreys,TN,TNM
Hunt,TX,TXN
Hunterdon,NJ,NJX
Huntingdon,PA,PAM
Huntington,IN,INN
Huron,MI,MIE
Huron,OH,OHN
Hutchinson,SD,SDX
Hutchinson,TX,TXN
Hyde,NC,NCE
Hyde,SD,SDX
Iberia,LA,LAW
Iberville,LA,LAM
Ida,IA,IAN
Idaho,ID,IDX
Imperial,CA,CAS
Independence,AR,ARE
"Indian River",FL,FLS
Indiana,PA,PAW
Ingham,MI,MIW
Inyo,CA,CAE
Ionia,MI,MIW
Iosco,MI,MIE
Iowa,IA,IAN
Iowa,WI,WIW
Iredell,NC,NCW
Irion,TX,TXN
Iron,MI,MIW
Iron,MO,MOE
Iron,UT,UTX
Iron,WI,WIW
Iroquois,IL,ILC
Irwin,GA,GAM
Isabella,MI,MIE
Isanti,MN,MNX
Island,WA,WAW
"Isle of Wight",VA,VAE
Issaquena,MS,MSS
Itasca,MN,MNX
Itawamba,MS,MSN
Izard,AR,ARE
Jack,TX,TXN
Jackson,AL,ALN
Jackson,AR,ARE
Jackson,CO,COX
Jackson,FL,FLN
Jackson,GA,GAN
Jackson,IA,IAN
Jackson,IL,ILS
Jackson,IN,INS
Jackson,KS,KSX
Jackson,KY,KYE
Jackson,LA,LAW
Jackson,MI,MIE
Jackson,MN,MNX
Jackson,MO,MOW
Jackson,MS,MSS
Jackson,NC,NCW
Jackson,OH,OHS
Jackson,OK,OKW
Jackson,OR,ORX
Jackson,SD,SDX
Jackson,TN,TNM
Jackson,TX,TXS
Jackson,WI,WIW
Jackson,WV,WVS
"James City",VA,VAE
Jasper,GA,GAM
Jasper,IA,IAS
Jasper,IL,ILS
Jasper,IN,INN
Jasper,MO,MOW
Jasper,MS,MSS
Jasper,SC,SCX
Jasper,TX,TXE
Jay,IN,INN
"Jeff Davis",GA,GAS
"Jeff Davis",TX,TXW
Jefferson,AL,ALN
Jefferson,AR,ARE
Jefferson,CO,COX
Jefferson,FL,FLN
Jefferson,GA,GAS
Jefferson,IA,IAS
Jefferson,ID,IDX
Jefferson,IL,ILS
Jefferson,IN,INS
Jefferson,KS,KSX
Jefferson,KY,KYW
Jefferson,LA,LAE
Jefferson,MO,MOE
Jefferson,MS,MSS
Jefferson,MT,MTX
Jefferson,NE,NEX
Jefferson,NY,NYN
Jefferson,OH,OHS
Jefferson,OK,OKW
Jefferson,OR,ORX
Jefferson,PA,PAW
Jefferson,TN,TNE
Jefferson,TX,TXE
Jefferson,WA,WAW
Jefferson,WI,WIW
Jefferson,WV,WVN
"Jefferson Davis",LA,LAW
"Jefferson Davis",MS,MSS
Jenkins,GA,GAS
Jennings,IN,INS
Jerauld,SD,SDX
Jerome,ID,IDX
Jersey,IL,ILS
Jessamine,KY,KYE
Jewell,KS,KSX
"Jim Hogg",TX,TXS
"Jim Wells",TX,TXS
"Jo Daviess",IL,ILN
Johnson,AR,ARW
Johnson,GA,GAS
Johnson,IA,IAS
Johnson,IL,ILS
Johnson,IN,INS
Johnson,KS,KSX
Johnson,KY,KYE
Johnson,MO,MOW
Johnson,NE,NEX
Johnson,TN,TNE
Johnson,TX,TXN
Johnson,WY,WYX
Johnston,NC,NCE
Johnston,OK,OKE
Jones,GA,GAM
Jones,IA,IAN
Jones,MS,MSS
Jones,NC,NCE
Jones,SD,SDX
Jones,TX,TXN
Josephine,OR,ORX
Juab,UT,UTX
"Judith Basin",MT,MTX
Juneau,AK,AKX
Juneau,WI,WIW
Juniata,PA,PAM
Kalamazoo,MI,MIW
Kalawao,HI,HIX
Kalkaska,MI,MIW
Kanabec,MN,MNX
Kanawha,WV,WVS
Kandiyohi,MN,MNX
Kane,IL,ILN
Kane,UT,UTX
Kankakee,IL,ILC
Karnes,TX,TXW
Kauai,HI,HIX
Kaufman,TX,TXN
Kay,OK,OKW
Kearney,NE,NEX
Kearny,KS,KSX
Keith,NE,NEX
Kemper,MS,MSS
"Kenai Peninsula",AK,AKX
Kendall,IL,ILN
Kendall,TX,TXW
Kenedy,TX,TXS
Kennebec,ME,MEX
Kenosha,WI,WIE
Kent,DE,DEX
Kent,MD,MDX
Kent,MI,MIW
Kent,RI,RIX
Kent,TX,TXN
Kenton,KY,KYE
Keokuk,IA,IAS
Kern,CA,CAE
Kerr,TX,TXW
Kershaw,SC,SCX
"Ketchikan Gateway",AK,AKX
Kewaunee,WI,WIE
Keweenaw,MI,MIW
"Keya Paha",NE,NEX
Kidder,ND,NDX
Kimball,NE,NEX
Kimble,TX,TXW
King,TX,TXN
King,WA,WAW
"King and Queen",VA,VAE
"King George",VA,VAE
"King William",VA,VAE
Kingfisher,OK,OKW
Kingman,KS,KSX
Kings,CA,CAE
Kings,NY,NYE
Kingsbury,SD,SDX
Kinney,TX,TXW
Kiowa,CO,COX
Kiowa,KS,KSX
Kiowa,OK,OKW
"Kit Carson",CO,COX
Kitsap,WA,WAW
Kittitas,WA,WAE
Kittson,MN,MNX
Klamath,OR,ORX
Kleberg,TX,TXS
Klickitat,WA,WAE
Knott,KY,KYE
Knox,IL,ILC
Knox,IN,INS
Knox,KY,KYE
Knox,ME,MEX
Knox,MO,MOE
Knox,NE,NEX
Knox,OH,OHS
Knox,TN,TNE
Knox,TX,TXN
"Kodiak Island",AK,AKX
Koochiching,MN,MNX
Kootenai,ID,IDX
Kosciusko,IN,INN
Kossuth,IA,IAN
"La Crosse",WI,WIW
"La Paz",AZ,AZX
"La Plata",CO,COX
"La Porte",IN,INN
"La Salle",IL,ILN
"La Salle",LA,LAW
"La Salle",TX,TXS
Labette,KS,KSX
"Lac qui Parle",MN,MNX
Lackawanna,PA,PAM
Laclede,MO,MOW
Lafayette,AR,ARW
Lafayette,FL,FLN
Lafayette,LA,LAW
Lafayette,MO,MOW
Lafayette,MS,MSN
Lafayette,WI,WIW
Lafourche,LA,LAE
Lagrange,IN,INN
Lake,CA,CAN
Lake,CO,COX
Lake,FL,FLM
Lake,IL,ILN
Lake,IN,INN
Lake,MI,MIW
Lake,MN,MNX
Lake,MT,MTX
Lake,OH,OHN
Lake,OR,ORX
Lake,SD,SDX
Lake,TN,TNW
"Lake and Peninsula",AK,AKX
"Lake of the Woods",MN,MNX
Lamar,AL,ALN
Lamar,GA,GAM
Lamar,MS,MSS
Lamar,TX,TXE
Lamb,TX,TXN
Lamoille,VT,VTX
LaMoure,ND,NDX
Lampasas,TX,TXW
Lancaster,NE,NEX
Lancaster,PA,PAE
Lancaster,SC,SCX
Lancaster,VA,VAE
Lander,NV,NVX
Lane,KS,KSX
Lane,OR,ORX
Langlade,WI,WIE
Lanier,GA,GAM
Lapeer,MI,MIE
Laramie,WY,WYX
Larimer,CO,COX
Larue,KY,KYW
"Las Animas",CO,COX
Lassen,CA,CAE
Latah,ID,IDX
Latimer,OK,OKE
Lauderdale,AL,ALN
Lauderdale,MS,MSS
Lauderdale,TN,TNW
Laurel,KY,KYE
Laurens,GA,GAS
Laurens,SC,SCX
Lavaca,TX,TXS
Lawrence,AL,ALN
Lawrence,AR,ARE
Lawrence,IL,ILS
Lawrence,IN,INS
Lawrence,KY,KYE
Lawrence,MO,MOW
Lawrence,MS,MSS
Lawrence,OH,OHS
Lawrence,PA,PAW
Lawrence,SD,SDX
Lawrence,TN,TNM
"Le Flore",OK,OKE
"Le Sueur",MN,MNX
Lea,NM,NMX
Leake,MS,MSS
Leavenworth,KS,KSX
Lebanon,PA,PAM
Lee,AL,ALM
Lee,AR,ARE
Lee,FL,FLM
Lee,GA,GAM
Lee,IA,IAS
Lee,IL,ILN
Lee,KY,KYE
Lee,MS,MSN
Lee,NC,NCM
Lee,SC,SCX
Lee,TX,TXW
Lee,VA,VAW
Leelanau,MI,MIW
Leflore,MS,MSN
Lehigh,PA,PAE
Lemhi,ID,IDX
Lenawee,MI,MIE
Lenoir,NC,NCE
Leon,FL,FLN
Leon,TX,TXW
Leslie,KY,KYE
Letcher,KY,KYE
Levy,FL,FLN
Lewis,ID,IDX
Lewis,KY,KYE
Lewis,MO,MOE
Lewis,NY,NYN
Lewis,TN,TNM
Lewis,WA,WAW
Lewis,WV,WVN
"Lewis and Clark",MT,MTX
Lexington,SC,SCX
"Lexington City",VA,VAW
Liberty,FL,FLN
Liberty,GA,GAS
Liberty,MT,MTX
Liberty,TX,TXE
Licking,OH,OHS
Limestone,AL,ALN
Limestone,TX,TXW
Lincoln,AR,ARE
Lincoln,CO,COX
Lincoln,GA,GAS
Lincoln,ID,IDX
Lincoln,KS,KSX
Lincoln,KY,KYE
Lincoln,LA,LAW
Lincoln,ME,MEX
Lincoln,MN,MNX
Lincoln,MO,MOE
Lincoln,MS,MSS
Lincoln,MT,MTX
Lincoln,NC,NCW
Lincoln,NE,NEX
Lincoln,NM,NMX
Lincoln,NV,NVX
Lincoln,OK,OKW
Lincoln,OR,ORX
Lincoln,SD,SDX
Lincoln,TN,TNE
Lincoln,WA,WAE
Lincoln,WI,WIW
Lincoln,WV,WVS
Lincoln,WY,WYX
Linn,IA,IAN
Linn,KS,KSX
Linn,MO,MOE
Linn,OR,ORX
Lipscomb,TX,TXN
Litchfield,CT,CTX
"Little River",AR,ARW
"Live Oak",TX,TXS
Livingston,IL,ILC
Livingston,KY,KYW
Livingston,LA,LAM
Livingston,MI,MIE
Livingston,MO,MOW
Livingston,NY,NYW
Llano,TX,TXW
Logan,AR,ARW
Logan,CO,COX
Logan,IL,ILC
Logan,KS,KSX
Logan,KY,KYW
Logan,ND,NDX
Logan,NE,NEX
Logan,OH,OHS
Logan,OK,OKW
Logan,WV,WVS
Long,GA,GAS
Lonoke,AR,ARE
Lorain,OH,OHN
"Los Alamos",NM,NMX
"Los Angeles",CA,CAC
Loudon,TN,TNE
Loudoun,VA,VAE
Louisa,IA,IAS
Louisa,VA,VAW
Loup,NE,NEX
Love,OK,OKE
Loving,TX,TXW
Lowndes,AL,ALM
Lowndes,GA,GAM
Lowndes,MS,MSN
Lubbock,TX,TXN
Lucas,IA,IAS
Lucas,OH,OHN
Luce,MI,MIW
Lumpkin,GA,GAN
Luna,NM,NMX
Lunenburg,VA,VAE
Luzerne,PA,PAM
Lycoming,PA,PAM
Lyman,SD,SDX
"Lynchburg City",VA,VAW
Lynn,TX,TXN
Lyon,IA,IAN
Lyon,KS,KSX
Lyon,KY,KYW
Lyon,MN,MNX
Lyon,NV,NVX
Mackinac,MI,MIW
Macomb,MI,MIE
Macon,AL,ALM
Macon,GA,GAM
Macon,IL,ILC
Macon,MO,MOE
Macon,NC,NCW
Macon,TN,TNM
Macoupin,IL,ILC
Madera,CA,CAE
Madison,AL,ALN
Madison,AR,ARW
Madison,FL,FLN
Madison,GA,GAM
Madison,IA,IAS
Madison,ID,IDX
Madison,IL,ILS
Madison,IN,INS
Madison,KY,KYE
Madison,LA,LAW
Madison,MO,MOE
Madison,MS,MSS
Madison,MT,MTX
Madison,NC,NCW
Madison,NE,NEX
Madison,NY,NYN
Madison,OH,OHS
Madison,TN,TNW
Madison,TX,TXS
Madison,VA,VAW
Magoffin,KY,KYE
Mahaska,IA,IAS
Mahnomen,MN,MNX
Mahoning,OH,OHN
Major,OK,OKW
Malheur,OR,ORX
"Manassas City",VA,VAE
"Manassas Park City",VA,VAE
Manatee,FL,FLM
Manistee,MI,MIW
Manitowoc,WI,WIE
Marathon,WI,WIW
Marengo,AL,ALS
Maricopa,AZ,AZX
Maries,MO,MOE
Marin,CA,CAN
Marinette,WI,WIE
Marion,AL,ALN
Marion,AR,ARW
Marion,FL,FLM
Marion,GA,GAM
Marion,IA,IAS
Marion,IL,ILS
Marion,IN,INS
Marion,KS,KSX
Marion,KY,KYW
Marion,MO,MOE
Marion,MS,MSS
Marion,OH,OHN
Marion,OR,ORX
Marion,SC,SCX
Marion,TN,TNE
Marion,TX,TXE
Marion,WV,WVN
Mariposa,CA,CAE
Marlboro,SC,SCX
Marquette,MI,MIW
Marquette,WI,WIE
Marshall,AL,ALN
Marshall,IA,IAS
Marshall,IL,ILC
Marshall,IN,INN
Marshall,KS,KSX
Marshall,KY,KYW
Marshall,MN,MNX
Marshall,MS,MSN
Marshall,OK,OKE
Marshall,SD,SDX
Marshall,TN,TNM
Marshall,WV,WVN
Martin,FL,FLS
Martin,IN,INS
Martin,KY,KYE
Martin,MN,MNX
Martin,NC,NCE
Martin,TX,TXW
"Martinsville City",VA,VAW
Mason,IL,ILC
Mason,KY,KYE
Mason,MI,MIW
Mason,TX,TXW
Mason,WA,WAW
Mason,WV,WVS
Massac,IL,ILS
Matagorda,TX,TXS
"Matanuska Susitna",AK,AKX
Mathews,VA,VAE
Maui,HI,HIX
Maury,TN,TNM
Maverick,TX,TXW
Mayes,OK,OKN
McClain,OK,OKW
McCone,MT,MTX
McCook,SD,SDX
McCormick,SC,SCX
McCracken,KY,KYW
McCreary,KY,KYE
McCulloch,TX,TXW
McCurtain,OK,OKE
McDonald,MO,MOW
McDonough,IL,ILC
McDowell,NC,NCW
McDowell,WV,WVS
McDuffie,GA,GAS
McHenry,IL,ILN
McHenry,ND,NDX
McIntosh,GA,GAS
McIntosh,ND,NDX
McIntosh,OK,OKE
McKean,PA,PAW
McKenzie,ND,NDX
McKinley,NM,NMX
McLean,IL,ILC
McLean,KY,KYW
McLean,ND,NDX
McLennan,TX,TXW
McLeod,MN,MNX
McMinn,TN,TNE
McMullen,TX,TXS
McNairy,TN,TNW
McPherson,KS,KSX
McPherson,NE,NEX
McPherson,SD,SDX
Meade,KS,KSX
Meade,KY,KYW
Meade,SD,SDX
Meagher,MT,MTX
Mecklenburg,NC,NCW
Mecklenburg,VA,VAE
Mecosta,MI,MIW
Medina,OH,OHN
Medina,TX,TXW
Meeker,MN,MNX
Meigs,OH,OHS
Meigs,TN,TNE
Mellette,SD,SDX
Menard,IL,ILC
Menard,TX,TXN
Mendocino,CA,CAN
Menifee,KY,KYE
Menominee,MI,MIW
Menominee,WI,WIE
Merced,CA,CAE
Mercer,IL,ILC
Mercer,KY,KYE
Mercer,MO,MOW
Mercer,ND,NDX
Mercer,NJ,NJX
Mercer,OH,OHN
Mercer,PA,PAW
Mercer,WV,WVS
Meriwether,GA,GAN
Merrick,NE,NEX
Merrimack,NH,NHX
Mesa,CO,COX
Metcalfe,KY,KYW
Miami,IN,INN
Miami,KS,KSX
Miami,OH,OHS
"Miami Dade",FL,FLS
Middlesex,CT,CTX
Middlesex,MA,MAX
Middlesex,NJ,NJX
Middlesex,VA,VAE
Midland,MI,MIE
Midland,TX,TXW
Mifflin,PA,PAM
Milam,TX,TXW
Millard,UT,UTX
"Mille Lacs",MN,MNX
Miller,AR,ARW
Miller,GA,GAM
Miller,MO,MOW
Mills,IA,IAS
Mills,TX,TXN
Milwaukee,WI,WIE
Miner,SD,SDX
Mineral,CO,COX
Mineral,MT,MTX
Mineral,NV,NVX
Mineral,WV,WVN
Mingo,WV,WVS
Minidoka,ID,IDX
Minnehaha,SD,SDX
Missaukee,MI,MIW
Mississippi,AR,ARE
Mississippi,MO,MOE
Missoula,MT,MTX
Mitchell,GA,GAM
Mitchell,IA,IAN
Mitchell,KS,KSX
Mitchell,NC,NCW
Mitchell,TX,TXN
Mobile,AL,ALS
Modoc,CA,CAE
Moffat,CO,COX
Mohave,AZ,AZX
Moniteau,MO,MOW
Monmouth,NJ,NJX
Mono,CA,CAE
Monona,IA,IAN
Monongalia,WV,WVN
Monroe,AL,ALS
Monroe,AR,ARE
Monroe,FL,FLS
Monroe,GA,GAM
Monroe,IA,IAS
Monroe,IL,ILS
Monroe,IN,INS
Monroe,KY,KYW
Monroe,MI,MIE
Monroe,MO,MOE
Monroe,MS,MSN
Monroe,NY,NYW
Monroe,OH,OHS
Monroe,PA,PAM
Monroe,TN,TNE
Monroe,WI,WIW
Monroe,WV,WVS
Montague,TX,TXN
Montcalm,MI,MIW
Monterey,CA,CAN
Montezuma,CO,COX
Montgomery,AL,ALM
Montgomery,AR,ARW
Montgomery,GA,GAS
Montgomery,IA,IAS
Montgomery,IL,ILC
Montgomery,IN,INS
Montgomery,KS,KSX
Montgomery,KY,KYE
Montgomery,MD,MDX
Montgomery,MO,MOE
Montgomery,MS,MSN
Montgomery,NC,NCM
Montgomery,NY,NYN
Montgomery,OH,OHS
Montgomery,PA,PAE
Montgomery,TN,TNM
Montgomery,TX,TXS
Montgomery,VA,VAW
Montmorency,MI,MIE
Montour,PA,PAM
Montrose,CO,COX
Moody,SD,SDX
Moore,NC,NCM
Moore,TN,TNE
Moore,TX,TXN
Mora,NM,NMX
Morehouse,LA,LAW
Morgan,AL,ALN
Morgan,CO,COX
Morgan,GA,GAM
Morgan,IL,ILC
Morgan,IN,INS
Morgan,KY,KYE
Morgan,MO,MOW
Morgan,OH,OHS
Morgan,TN,TNE
Morgan,UT,UTX
Morgan,WV,WVN
Morrill,NE,NEX
Morris,KS,KSX
Morris,NJ,NJX
Morris,TX,TXE
Morrison,MN,MNX
Morrow,OH,OHS
Morrow,OR,ORX
Morton,KS,KSX
Morton,ND,NDX
Motley,TX,TXN
Moultrie,IL,ILC
Mountrail,ND,NDX
Mower,MN,MNX
Muhlenberg,KY,KYW
Multnomah,OR,ORX
Murray,GA,GAN
Murray,MN,MNX
Murray,OK,OKE
Muscatine,IA,IAS
Muscogee,GA,GAM
Muskegon,MI,MIW
Muskingum,OH,OHS
Muskogee,OK,OKE
Musselshell,MT,MTX
Nacogdoches,TX,TXE
Nance,NE,NEX
Nantucket,MA,MAX
Napa,CA,CAN
Nash,NC,NCE
Nassau,FL,FLM
Nassau,NY,NYE
Natchitoches,LA,LAW
Natrona,WY,WYX
Navajo,AZ,AZX
Navarro,TX,TXN
Nelson,KY,KYW
Nelson,ND,NDX
Nelson,VA,VAW
Nemaha,KS,KSX
Nemaha,NE,NEX
Neosho,KS,KSX
Neshoba,MS,MSS
Ness,KS,KSX
Nevada,AR,ARW
Nevada,CA,CAE
"New Castle",DE,DEX
"New Hanover",NC,NCE
"New Haven",CT,CTX
"New Kent",VA,VAE
"New London",CT,CTX
"New Madrid",MO,MOE
"New York",NY,NYS
Newaygo,MI,MIW
Newberry,SC,SCX
Newport,RI,RIX
"Newport News City",VA,VAE
Newton,AR,ARW
Newton,GA,GAN
Newton,IN,INN
Newton,MO,MOW
Newton,MS,MSS
Newton,TX,TXE
"Nez Perce",ID,IDX
Niagara,NY,NYW
Nicholas,KY,KYE
Nicholas,WV,WVS
Nicollet,MN,MNX
Niobrara,WY,WYX
Noble,IN,INN
Noble,OH,OHS
Noble,OK,OKW
Nobles,MN,MNX
Nodaway,MO,MOW
Nolan,TX,TXN
Nome,AK,AKX
Norfolk,MA,MAX
"Norfolk City",VA,VAE
Norman,MN,MNX
"North Slope",AK,AKX
Northampton,NC,NCE
Northampton,PA,PAE
Northampton,VA,VAE
"Northern Mariana Islands",MP,MPX
Northumberland,PA,PAM
Northumberland,VA,VAE
"Northwest Arctic",AK,AKX
Norton,KS,KSX
"Norton City",VA,VAW
Nottoway,VA,VAE
Nowata,OK,OKN
Noxubee,MS,MSS
Nuckolls,NE,NEX
Nueces,TX,TXS
Nye,NV,NVX
O'Brien,IA,IAN
Oakland,MI,MIE
Obion,TN,TNW
Ocean,NJ,NJX
Oceana,MI,MIW
Ochiltree,TX,TXN
Oconee,GA,GAM
Oconee,SC,SCX
Oconto,WI,WIE
Ogemaw,MI,MIE
Ogle,IL,ILN
Oglethorpe,GA,GAM
Ohio,IN,INS
Ohio,KY,KYW
Ohio,WV,WVN
Okaloosa,FL,FLN
Okanogan,WA,WAE
Okeechobee,FL,FLS
Okfuskee,OK,OKE
Oklahoma,OK,OKW
Okmulgee,OK,OKE
Oktibbeha,MS,MSN
Oldham,KY,KYW
Oldham,TX,TXN
Oliver,ND,NDX
Olmsted,MN,MNX
Oneida,ID,IDX
Oneida,NY,NYN
Oneida,WI,WIW
Onondaga,NY,NYN
Onslow,NC,NCE
Ontario,NY,NYW
Ontonagon,MI,MIW
Orange,CA,CAC
Orange,FL,FLM
Orange,IN,INS
Orange,NC,NCM
Orange,NY,NYS
Orange,TX,TXE
Orange,VA,VAW
Orange,VT,VTX
Orangeburg,SC,SCX
Oregon,MO,MOW
Orleans,LA,LAE
Orleans,NY,NYW
Orleans,VT,VTX
Osage,KS,KSX
Osage,MO,MOW
Osage,OK,OKN
Osborne,KS,KSX
Osceola,FL,FLM
Osceola,IA,IAN
Osceola,MI,MIW
Oscoda,MI,MIE
Oswego,NY,NYN
Otero,CO,COX
Otero,NM,NMX
Otoe,NE,NEX
Otsego,MI,MIE
Otsego,NY,NYN
Ottawa,KS,KSX
Ottawa,MI,MIW
Ottawa,OH,OHN
Ottawa,OK,OKN
"Otter Tail",MN,MNX
Ouachita,AR,ARW
Ouachita,LA,LAW
Ouray,CO,COX
Outagamie,WI,WIE
Overton,TN,TNM
Owen,IN,INS
Owen,KY,KYE
Owsley,KY,KYE
Owyhee,ID,IDX
Oxford,ME,MEX
Ozark,MO,MOW
Ozaukee,WI,WIE
Pacific,WA,WAW
Page,IA,IAS
Page,VA,VAW
"Palm Beach",FL,FLS
"Palo Alto",IA,IAN
"Palo Pinto",TX,TXN
Pamlico,NC,NCE
Panola,MS,MSN
Panola,TX,TXE
Park,CO,COX
Park,MT,MTX
Park,WY,WYX
Parke,IN,INS
Parker,TX,TXN
Parmer,TX,TXN
Pasco,FL,FLM
Pasquotank,NC,NCE
Passaic,NJ,NJX
Patrick,VA,VAW
Paulding,GA,GAN
Paulding,OH,OHN
Pawnee,KS,KSX
Pawnee,NE,NEX
Pawnee,OK,OKN
Payette,ID,IDX
Payne,OK,OKW
Peach,GA,GAM
"Pearl River",MS,MSS
Pecos,TX,TXW
Pembina,ND,NDX
Pemiscot,MO,MOE
"Pend Oreille",WA,WAE
Pender,NC,NCE
Pendleton,KY,KYE
Pendleton,WV,WVN
Pennington,MN,MNX
Pennington,SD,SDX
Penobscot,ME,MEX
Peoria,IL,ILC
Pepin,WI,WIW
Perkins,NE,NEX
Perkins,SD,SDX
Perquimans,NC,NCE
Perry,AL,ALS
Perry,AR,ARE
Perry,IL,ILS
Perry,IN,INS
Perry,KY,KYE
Perry,MO,MOE
Perry,MS,MSS
Perry,OH,OHS
Perry,PA,PAM
Perry,TN,TNW
Pershing,NV,NVX
Person,NC,NCM
"Petersburg City",VA,VAE
Petroleum,MT,MTX
Pettis,MO,MOW
Phelps,MO,MOE
Phelps,NE,NEX
Philadelphia,PA,PAE
Phillips,AR,ARE
Phillips,CO,COX
Phillips,KS,KSX
Phillips,MT,MTX
Piatt,IL,ILC
Pickaway,OH,OHS
Pickens,AL,ALN
Pickens,GA,GAN
Pickens,SC,SCX
Pickett,TN,TNM
Pierce,GA,GAS
Pierce,ND,NDX
Pierce,NE,NEX
Pierce,WA,WAW
Pierce,WI,WIW
Pike,AL,ALM
Pike,AR,ARW
Pike,GA,GAN
Pike,IL,ILC
Pike,IN,INS
Pike,KY,KYE
Pike,MO,MOE
Pike,MS,MSS
Pike,OH,OHS
Pike,PA,PAM
Pima,AZ,AZX
Pinal,AZ,AZX
Pine,MN,MNX
Pinellas,FL,FLM
Pipestone,MN,MNX
Piscataquis,ME,MEX
Pitkin,CO,COX
Pitt,NC,NCE
Pittsburg,OK,OKE
Pittsylvania,VA,VAW
Piute,UT,UTX
Placer,CA,CAE
Plaquemines,LA,LAE
Platte,MO,MOW
Platte,NE,NEX
Platte,WY,WYX
Pleasants,WV,WVN
Plumas,CA,CAE
Plymouth,IA,IAN
Plymouth,MA,MAX
Pocahontas,IA,IAN
Pocahontas,WV,WVN
Poinsett,AR,ARE
"Pointe Coupee",LA,LAM
Polk,AR,ARW
Polk,FL,FLM
Polk,GA,GAN
Polk,IA,IAS
Polk,MN,MNX
Polk,MO,MOW
Polk,NC,NCW
Polk,NE,NEX
Polk,OR,ORX
Polk,TN,TNE
Polk,TX,TXE
Polk,WI,WIW
Ponce,PR,PRX
Pondera,MT,MTX
Pontotoc,MS,MSN
Pontotoc,OK,OKE
Pope,AR,ARE
Pope,IL,ILS
Pope,MN,MNX
"Poquoson City",VA,VAE
Portage,OH,OHN
Portage,WI,WIW
Porter,IN,INN
"Portsmouth City",VA,VAE
Posey,IN,INS
Pottawatomie,KS,KSX
Pottawatomie,OK,OKW
Pottawattamie,IA,IAS
Potter,PA,PAM
Potter,SD,SDX
Potter,TX,TXN
"Powder River",MT,MTX
Powell,KY,KYE
Powell,MT,MTX
Power,ID,IDX
Poweshiek,IA,IAS
Powhatan,VA,VAE
Prairie,AR,ARE
Prairie,MT,MTX
Pratt,KS,KSX
Preble,OH,OHS
Prentiss,MS,MSN
Presidio,TX,TXW
"Presque Isle",MI,MIE
Preston,WV,WVN
Price,WI,WIW
"Prince Edward",VA,VAE
"Prince George",VA,VAE
"Prince George's",MD,MDX
"Prince William",VA,VAE
Providence,RI,RIX
Prowers,CO,COX
Pueblo,CO,COX
Pulaski,AR,ARE
Pulaski,GA,GAM
Pulaski,IL,ILS
Pulaski,IN,INN
Pulaski,KY,KYE
Pulaski,MO,MOW
Pulaski,VA,VAW
Pushmataha,OK,OKE
Putnam,FL,FLM
Putnam,GA,GAM
Putnam,IL,ILC
Putnam,IN,INS
Putnam,MO,MOW
Putnam,NY,NYS
Putnam,OH,OHN
Putnam,TN,TNM
Putnam,WV,WVS
Quay,NM,NMX
"Queen Anne's",MD,MDX
Queens,NY,NYE
Quitman,GA,GAM
Quitman,MS,MSN
Rabun,GA,GAN
Racine,WI,WIE
"Radford City",VA,VAW
Rains,TX,TXE
Raleigh,WV,WVS
Ralls,MO,MOE
Ramsey,MN,MNX
Ramsey,ND,NDX
Randall,TX,TXN
Randolph,AL,ALM
Randolph,AR,ARE
Randolph,GA,GAM
Randolph,IL,ILS
Randolph,IN,INS
Randolph,MO,MOE
Randolph,NC,NCM
Randolph,WV,WVN
Rankin,MS,MSS
Ransom,ND,NDX
Rapides,LA,LAW
Rappahannock,VA,VAW
Ravalli,MT,MTX
Rawlins,KS,KSX
Ray,MO,MOW
Reagan,TX,TXN
Real,TX,TXW
"Red Lake",MN,MNX
"Red River",LA,LAW
"Red River",TX,TXE
"Red Willow",NE,NEX
Redwood,MN,MNX
Reeves,TX,TXW
Refugio,TX,TXS
Reno,KS,KSX
Rensselaer,NY,NYN
Renville,MN,MNX
Renville,ND,NDX
Republic,KS,KSX
Reynolds,MO,MOE
Rhea,TN,TNE
Rice,KS,KSX
Rice,MN,MNX
Rich,UT,UTX
Richardson,NE,NEX
Richland,IL,ILS
Richland,LA,LAW
Richland,MT,MTX
Richland,ND,NDX
Richland,OH,OHN
Richland,SC,SCX
Richland,WI,WIW
Richmond,GA,GAS
Richmond,NC,NCM
Richmond,NY,NYE
Richmond,VA,VAE
"Richmond City",VA,VAE
Riley,KS,KSX
Ringgold,IA,IAS
"Rio Arriba",NM,NMX
"Rio Blanco",CO,COX
"Rio Grande",CO,COX
Ripley,IN,INS
Ripley,MO,MOE
Ritchie,WV,WVN
Riverside,CA,CAC
Roane,TN,TNE
Roane,WV,WVS
Roanoke,VA,VAW
"Roanoke City",VA,VAW
Roberts,SD,SDX
Roberts,TX,TXN
Robertson,KY,KYE
Robertson,TN,TNM
Robertson,TX,TXW
Robeson,NC,NCE
Rock,MN,MNX
Rock,NE,NEX
Rock,WI,WIW
"Rock Island",IL,ILC
Rockbridge,VA,VAW
Rockcastle,KY,KYE
Rockdale,GA,GAN
Rockingham,NC,NCM
Rockingham,NH,NHX
Rockingham,VA,VAW
Rockland,NY,NYS
Rockwall,TX,TXN
"Roger Mills",OK,OKW
Rogers,OK,OKN
Rolette,ND,NDX
Rooks,KS,KSX
Roosevelt,MT,MTX
Roosevelt,NM,NMX
Roscommon,MI,MIE
Roseau,MN,MNX
Rosebud,MT,MTX
Ross,OH,OHS
Routt,CO,COX
Rowan,KY,KYE
Rowan,NC,NCM
Runnels,TX,TXN
Rush,IN,INS
Rush,KS,KSX
Rusk,TX,TXE
Rusk,WI,WIW
Russell,AL,ALM
Russell,KS,KSX
Russell,KY,KYW
Russell,VA,VAW
Rutherford,NC,NCW
Rutherford,TN,TNM
Rutland,VT,VTX
Sabine,LA,LAW
Sabine,TX,TXE
Sac,IA,IAN
Sacramento,CA,CAE
Sagadahoc,ME,MEX
Saginaw,MI,MIE
Saguache,CO,COX
Salem,NJ,NJX
"Salem City",VA,VAW
Saline,AR,ARE
Saline,IL,ILS
Saline,KS,KSX
Saline,MO,MOW
Saline,NE,NEX
"Salt Lake",UT,UTX
Saluda,SC,SCX
Sampson,NC,NCE
"San Augustine",TX,TXE
"San Benito",CA,CAN
"San Bernardino",CA,CAC
"San Diego",CA,CAS
"San Francisco",CA,CAN
"San Jacinto",TX,TXS
"San Joaquin",CA,CAE
"San Juan",CO,COX
"San Juan",NM,NMX
"San Juan",PR,PRX
"San Juan",UT,UTX
"San Juan",WA,WAW
"San Luis Obispo",CA,CAC
"San Mateo",CA,CAN
"San Miguel",CO,COX
"San Miguel",NM,NMX
"San Patricio",TX,TXS
"San Saba",TX,TXW
Sanborn,SD,SDX
Sanders,MT,MTX
Sandoval,NM,NMX
Sandusky,OH,OHN
Sangamon,IL,ILC
Sanilac,MI,MIE
Sanpete,UT,UTX
"Santa Barbara",CA,CAC
"Santa Clara",CA,CAN
"Santa Cruz",AZ,AZX
"Santa Cruz",CA,CAN
"Santa Fe",NM,NMX
"Santa Rosa",FL,FLN
Sarasota,FL,FLM
Saratoga,NY,NYN
Sargent,ND,NDX
Sarpy,NE,NEX
Sauk,WI,WIW
Saunders,NE,NEX
Sawyer,WI,WIW
Schenectady,NY,NYN
Schleicher,TX,TXN
Schley,GA,GAM
Schoharie,NY,NYN
Schoolcraft,MI,MIW
Schuyler,IL,ILC
Schuyler,MO,MOE
Schuyler,NY,NYW
Schuylkill,PA,PAM
Scioto,OH,OHS
Scotland,MO,MOE
Scotland,NC,NCM
Scott,AR,ARW
Scott,IA,IAS
Scott,IL,ILC
Scott,IN,INS
Scott,KS,KSX
Scott,KY,KYE
Scott,MN,MNX
Scott,MO,MOE
Scott,MS,MSS
Scott,TN,TNE
Scott,VA,VAW
"Scotts Bluff",NE,NEX
Screven,GA,GAS
Scurry,TX,TXN
Searcy,AR,ARW
Sebastian,AR,ARW
Sedgwick,CO,COX
Sedgwick,KS,KSX
Seminole,FL,FLM
Seminole,GA,GAM
Seminole,OK,OKE
Seneca,NY,NYW
Seneca,OH,OHN
Sequatchie,TN,TNE
Sequoyah,OK,OKE
Sevier,AR,ARW
Sevier,TN,TNE
Sevier,UT,UTX
Seward,KS,KSX
Seward,NE,NEX
Shackelford,TX,TXN
Shannon,MO,MOE
Shannon,SD,SDX
Sharkey,MS,MSS
Sharp,AR,ARE
Shasta,CA,CAE
Shawano,WI,WIE
Shawnee,KS,KSX
Sheboygan,WI,WIE
Shelby,AL,ALN
Shelby,IA,IAS
Shelby,IL,ILC
Shelby,IN,INS
Shelby,KY,KYE
Shelby,MO,MOE
Shelby,OH,OHS
Shelby,TN,TNW
Shelby,TX,TXE
Shenandoah,VA,VAW
Sherburne,MN,MNX
Sheridan,KS,KSX
Sheridan,MT,MTX
Sheridan,ND,NDX
Sheridan,NE,NEX
Sheridan,WY,WYX
Sherman,KS,KSX
Sherman,NE,NEX
Sherman,OR,ORX
Sherman,TX,TXN
Shiawassee,MI,MIE
Shoshone,ID,IDX
Sibley,MN,MNX
Sierra,CA,CAE
Sierra,NM,NMX
"Silver Bow",MT,MTX
Simpson,KY,KYW
Simpson,MS,MSS
Sioux,IA,IAN
Sioux,ND,NDX
Sioux,NE,NEX
Siskiyou,CA,CAE
Sitka,AK,AKX
Skagit,WA,WAW
Skamania,WA,WAW
Slope,ND,NDX
Smith,KS,KSX
Smith,MS,MSS
Smith,TN,TNM
Smith,TX,TXE
Smyth,VA,VAW
Snohomish,WA,WAW
Snyder,PA,PAM
Socorro,NM,NMX
Solano,CA,CAE
Somerset,MD,MDX
Somerset,ME,MEX
Somerset,NJ,NJX
Somerset,PA,PAW
Somervell,TX,TXW
Sonoma,CA,CAN
Southampton,VA,VAE
"Southeast Fairbanks",AK,AKX
Spalding,GA,GAN
Spartanburg,SC,SCX
Spencer,IN,INS
Spencer,KY,KYW
Spink,SD,SDX
Spokane,WA,WAE
Spotsylvania,VA,VAE
"St. Bernard",LA,LAE
"St. Charles",LA,LAE
"St. Charles",MO,MOE
"St. Clair",AL,ALN
"St. Clair",IL,ILS
"St. Clair",MI,MIE
"St. Clair",MO,MOW
"St. Croix",VI,VIX
"St. Croix",WI,WIW
"St. Francis",AR,ARE
"St. Francois",MO,MOE
"St. Helena",LA,LAM
"St. James",LA,LAE
"St. John the Baptist",LA,LAE
"St. Johns",FL,FLM
"St. Joseph",IN,INN
"St. Joseph",MI,MIW
"St. Landry",LA,LAW
"St. Lawrence",NY,NYN
"St. Louis",MN,MNX
"St. Louis",MO,MOE
"St. Louis City",MO,MOE
"St. Lucie",FL,FLS
"St. Martin",LA,LAW
"St. Mary",LA,LAW
"St. Mary's",MD,MDX
"St. Tammany",LA,LAE
"St. Thomas",VI,VIX
Stafford,KS,KSX
Stafford,VA,VAE
Stanislaus,CA,CAE
Stanley,SD,SDX
Stanly,NC,NCM
Stanton,KS,KSX
Stanton,NE,NEX
Stark,IL,ILC
Stark,ND,NDX
Stark,OH,OHN
Starke,IN,INN
Starr,TX,TXS
"Staunton City",VA,VAW
"Ste. Genevieve",MO,MOE
Stearns,MN,MNX
Steele,MN,MNX
Steele,ND,NDX
Stephens,GA,GAN
Stephens,OK,OKW
Stephens,TX,TXN
Stephenson,IL,ILN
Sterling,TX,TXN
Steuben,IN,INN
Steuben,NY,NYW
Stevens,KS,KSX
Stevens,MN,MNX
Stevens,WA,WAE
Stewart,GA,GAM
Stewart,TN,TNM
Stillwater,MT,MTX
Stoddard,MO,MOE
Stokes,NC,NCM
Stone,AR,ARE
Stone,MO,MOW
Stone,MS,MSS
Stonewall,TX,TXN
Storey,NV,NVX
Story,IA,IAS
Strafford,NH,NHX
Stutsman,ND,NDX
Sublette,WY,WYX
Suffolk,MA,MAX
Suffolk,NY,NYE
"Suffolk City",VA,VAE
Sullivan,IN,INS
Sullivan,MO,MOW
Sullivan,NH,NHX
Sullivan,NY,NYS
Sullivan,PA,PAM
Sullivan,TN,TNE
Sully,SD,SDX
Summers,WV,WVS
Summit,CO,COX
Summit,OH,OHN
Summit,UT,UTX
Sumner,KS,KSX
Sumner,TN,TNM
Sumter,AL,ALN
Sumter,FL,FLM
Sumter,GA,GAM
Sumter,SC,SCX
Sunflower,MS,MSN
Surry,NC,NCM
Surry,VA,VAE
Susquehanna,PA,PAM
Sussex,DE,DEX
Sussex,NJ,NJX
Sussex,VA,VAE
Sutter,CA,CAE
Sutton,TX,TXN
Suwannee,FL,FLM
Swain,NC,NCW
"Sweet Grass",MT,MTX
Sweetwater,WY,WYX
Swift,MN,MNX
Swisher,TX,TXN
Switzerland,IN,INS
Talbot,GA,GAM
Talbot,MD,MDX
Taliaferro,GA,GAS
Talladega,AL,ALN
Tallahatchie,MS,MSN
Tallapoosa,AL,ALM
Tama,IA,IAN
Taney,MO,MOW
Tangipahoa,LA,LAE
Taos,NM,NMX
Tarrant,TX,TXN
Tate,MS,MSN
Tattnall,GA,GAS
Taylor,FL,FLN
Taylor,GA,GAM
Taylor,IA,IAS
Taylor,KY,KYW
Taylor,TX,TXN
Taylor,WI,WIW
Taylor,WV,WVN
Tazewell,IL,ILC
Tazewell,VA,VAW
Tehama,CA,CAE
Telfair,GA,GAS
Teller,CO,COX
Tensas,LA,LAW
Terrebonne,LA,LAE
Terrell,GA,GAM
Terrell,TX,TXW
Terry,TX,TXN
Teton,ID,IDX
Teton,MT,MTX
Teton,WY,WYX
Texas,MO,MOW
Texas,OK,OKW
Thayer,NE,NEX
Thomas,GA,GAM
Thomas,KS,KSX
Thomas,NE,NEX
Throckmorton,TX,TXN
Thurston,NE,NEX
Thurston,WA,WAW
Tift,GA,GAM
Tillamook,OR,ORX
Tillman,OK,OKW
Tioga,NY,NYN
Tioga,PA,PAM
Tippah,MS,MSN
Tippecanoe,IN,INN
Tipton,IN,INS
Tipton,TN,TNW
Tishomingo,MS,MSN
Titus,TX,TXE
Todd,KY,KYW
Todd,MN,MNX
Todd,SD,SDX
Tolland,CT,CTX
"Tom Green",TX,TXN
Tompkins,NY,NYN
Tooele,UT,UTX
Toole,MT,MTX
Toombs,GA,GAS
Torrance,NM,NMX
Towner,ND,NDX
Towns,GA,GAN
Traill,ND,NDX
Transylvania,NC,NCW
Traverse,MN,MNX
Travis,TX,TXW
Treasure,MT,MTX
Trego,KS,KSX
Trempealeau,WI,WIW
Treutlen,GA,GAS
Trigg,KY,KYW
Trimble,KY,KYE
Trinity,CA,CAE
Trinity,TX,TXE
Tripp,SD,SDX
Troup,GA,GAN
Trousdale,TN,TNM
Trumbull,OH,OHN
Tucker,WV,WVN
Tulare,CA,CAE
Tulsa,OK,OKN
Tunica,MS,MSN
Tuolumne,CA,CAE
Turner,GA,GAM
Turner,SD,SDX
Tuscaloosa,AL,ALN
Tuscarawas,OH,OHN
Tuscola,MI,MIE
Twiggs,GA,GAM
"Twin Falls",ID,IDX
Tyler,TX,TXE
Tyler,WV,WVN
Tyrrell,NC,NCE
Uinta,WY,WYX
Uintah,UT,UTX
Ulster,NY,NYN
Umatilla,OR,ORX
Unicoi,TN,TNE
Union,AR,ARW
Union,FL,FLM
Union,GA,GAN
Union,IA,IAS
Union,IL,ILS
Union,IN,INS
Union,KY,KYW
Union,LA,LAW
Union,MS,MSN
Union,NC,NCW
Union,NJ,NJX
Union,NM,NMX
Union,OH,OHS
Union,OR,ORX
Union,PA,PAM
Union,SC,SCX
Union,SD,SDX
Union,TN,TNE
Upshur,TX,TXE
Upshur,WV,WVN
Upson,GA,GAM
Upton,TX,TXW
Utah,UT,UTX
Uvalde,TX,TXW
"Val Verde",TX,TXW
Valencia,NM,NMX
Valley,ID,IDX
Valley,MT,MTX
Valley,NE,NEX
"Van Buren",AR,ARE
"Van Buren",IA,IAS
"Van Buren",MI,MIW
"Van Buren",TN,TNE
"Van Wert",OH,OHN
"Van Zandt",TX,TXE
Vance,NC,NCE
Vanderburgh,IN,INS
Venango,PA,PAW
Ventura,CA,CAC
Vermilion,IL,ILC
Vermilion,LA,LAW
Vermillion,IN,INS
Vernon,LA,LAW
Vernon,MO,MOW
Vernon,WI,WIW
Victoria,TX,TXS
Vigo,IN,INS
Vilas,WI,WIW
Vinton,OH,OHS
"Virginia Beach City",VA,VAE
Volusia,FL,FLM
Wabash,IL,ILS
Wabash,IN,INN
Wabasha,MN,MNX
Wabaunsee,KS,KSX
Wadena,MN,MNX
Wagoner,OK,OKE
Wahkiakum,WA,WAW
Wake,NC,NCE
Wakulla,FL,FLN
Waldo,ME,MEX
Walker,AL,ALN
Walker,GA,GAN
Walker,TX,TXS
"Walla Walla",WA,WAE
Wallace,KS,KSX
Waller,TX,TXS
Wallowa,OR,ORX
Walsh,ND,NDX
Walthall,MS,MSS
Walton,FL,FLN
Walton,GA,GAM
Walworth,SD,SDX
Walworth,WI,WIE
Wapello,IA,IAS
Ward,ND,NDX
Ward,TX,TXW
Ware,GA,GAS
Warren,GA,GAS
Warren,IA,IAS
Warren,IL,ILC
Warren,IN,INN
Warren,KY,KYW
Warren,MO,MOE
Warren,MS,MSS
Warren,NC,NCE
Warren,NJ,NJX
Warren,NY,NYN
Warren,OH,OHS
Warren,PA,PAW
Warren,TN,TNE
Warren,VA,VAW
Warrick,IN,INS
Wasatch,UT,UTX
Wasco,OR,ORX
Waseca,MN,MNX
Washakie,WY,WYX
Washburn,WI,WIW
Washington,AL,ALS
Washington,AR,ARW
Washington,CO,COX
Washington,FL,FLN
Washington,GA,GAM
Washington,IA,IAS
Washington,ID,IDX
Washington,IL,ILS
Washington,IN,INS
Washington,KS,KSX
Washington,KY,KYW
Washington,LA,LAE
Washington,MD,MDX
Washington,ME,MEX
Washington,MN,MNX
Washington,MO,MOE
Washington,MS,MSN
Washington,NC,NCE
Washington,NE,NEX
Washington,NY,NYN
Washington,OH,OHS
Washington,OK,OKN
Washington,OR,ORX
Washington,PA,PAW
Washington,RI,RIX
Washington,TN,TNE
Washington,TX,TXW
Washington,UT,UTX
Washington,VA,VAW
Washington,VT,VTX
Washington,WI,WIE
Washita,OK,OKW
Washoe,NV,NVX
Washtenaw,MI,MIE
Watauga,NC,NCW
Watonwan,MN,MNX
Waukesha,WI,WIE
Waupaca,WI,WIE
Waushara,WI,WIE
Wayne,GA,GAS
Wayne,IA,IAS
Wayne,IL,ILS
Wayne,IN,INS
Wayne,KY,KYE
Wayne,MI,MIE
Wayne,MO,MOE
Wayne,MS,MSS
Wayne,NC,NCE
Wayne,NE,NEX
Wayne,NY,NYW
Wayne,OH,OHN
Wayne,PA,PAM
Wayne,TN,TNM
Wayne,UT,UTX
Wayne,WV,WVS
"Waynesboro City",VA,VAW
Weakley,TN,TNW
Webb,TX,TXS
Weber,UT,UTX
Webster,GA,GAM
Webster,IA,IAN
Webster,KY,KYW
Webster,LA,LAW
Webster,MO,MOW
Webster,MS,MSN
Webster,NE,NEX
Webster,WV,WVN
Weld,CO,COX
Wells,IN,INN
Wells,ND,NDX
"West Baton Rouge",LA,LAM
"West Carroll",LA,LAW
"West Feliciana",LA,LAM
Westchester,NY,NYS
Westmoreland,PA,PAW
Westmoreland,VA,VAE
Weston,WY,WYX
Wetzel,WV,WVN
Wexford,MI,MIW
Wharton,TX,TXS
Whatcom,WA,WAW
Wheatland,MT,MTX
Wheeler,GA,GAS
Wheeler,NE,NEX
Wheeler,OR,ORX
Wheeler,TX,TXN
White,AR,ARE
White,GA,GAN
White,IL,ILS
White,IN,INN
White,TN,TNM
"White Pine",NV,NVX
Whiteside,IL,ILN
Whitfield,GA,GAN
Whitley,IN,INN
Whitley,KY,KYE
Whitman,WA,WAE
Wibaux,MT,MTX
Wichita,KS,KSX
Wichita,TX,TXN
Wicomico,MD,MDX
Wilbarger,TX,TXN
Wilcox,AL,ALS
Wilcox,GA,GAM
Wilkes,GA,GAS
Wilkes,NC,NCW
Wilkin,MN,MNX
Wilkinson,GA,GAM
Wilkinson,MS,MSS
Will,IL,ILN
Willacy,TX,TXS
Williams,ND,NDX
Williams,OH,OHN
Williamsburg,SC,SCX
"Williamsburg City",VA,VAE
Williamson,IL,ILS
Williamson,TN,TNM
Williamson,TX,TXW
Wilson,KS,KSX
Wilson,NC,NCE
Wilson,TN,TNM
Wilson,TX,TXW
"Winchester City",VA,VAW
Windham,CT,CTX
Windham,VT,VTX
Windsor,VT,VTX
Winkler,TX,TXW
Winn,LA,LAW
Winnebago,IA,IAN
Winnebago,IL,ILN
Winnebago,WI,WIE
Winneshiek,IA,IAN
Winona,MN,MNX
Winston,AL,ALN
Winston,MS,MSN
Wirt,WV,WVS
Wise,TX,TXN
Wise,VA,VAW
Wolfe,KY,KYE
Wood,OH,OHN
Wood,TX,TXE
Wood,WI,WIW
Wood,WV,WVS
Woodbury,IA,IAN
Woodford,IL,ILC
Woodford,KY,KYE
Woodruff,AR,ARE
Woods,OK,OKW
Woodson,KS,KSX
Woodward,OK,OKW
Worcester,MA,MAX
Worcester,MD,MDX
Worth,GA,GAM
Worth,IA,IAN
Worth,MO,MOW
Wright,IA,IAN
Wright,MN,MNX
Wright,MO,MOW
Wyandot,OH,OHN
Wyandotte,KS,KSX
Wyoming,NY,NYW
Wyoming,PA,PAM
Wyoming,WV,WVS
Wythe,VA,VAW
Yadkin,NC,NCM
Yakima,WA,WAE
Yalobusha,MS,MSN
Yamhill,OR,ORX
Yancey,NC,NCW
Yankton,SD,SDX
Yates,NY,NYW
Yavapai,AZ,AZX
Yazoo,MS,MSS
Yell,AR,ARE
"Yellow Medicine",MN,MNX
Yellowstone,MT,MTX
Yoakum,TX,TXN
Yolo,CA,CAE
York,ME,MEX
York,NE,NEX
York,PA,PAM
York,SC,SCX
York,VA,VAE
Young,TX,TXN
Yuba,CA,CAE
Yuma,AZ,AZX
Yuma,CO,COX
Zapata,TX,TXS
Zavala,TX,TXW
Ziebach,SD,SDX